{"stats":{"minecraft:picked_up":{"minecraft:wooden_axe":2,"minecraft:birch_log":6,"minecraft:crafting_table":1,"minecraft:wooden_pickaxe":2,"minecraft:oak_log":5,"minecraft:gunpowder":2,"minecraft:spider_eye":1,"minecraft:string":1,"minecraft:wooden_sword":3,"minecraft:bone":3,"minecraft:arrow":6,"minecraft:rotten_flesh":2,"minecraft:iron_ingot":2,"minecraft:iron_ore":41,"minecraft:birch_sapling":1,"minecraft:coal":20,"minecraft:cobblestone":29,"minecraft:furnace":2},"minecraft:killed":{"minecraft:skeleton":4,"minecraft:zombie":1,"minecraft:zombie_villager":1,"minecraft:spider":1},"minecraft:dropped":{"minecraft:wooden_axe":3,"minecraft:birch_sapling":1,"minecraft:wooden_sword":4,"minecraft:wooden_pickaxe":3,"minecraft:string":1},"minecraft:crafted":{"minecraft:wooden_sword":1,"minecraft:iron_chestplate":1,"minecraft:iron_boots":1,"minecraft:shield":1,"minecraft:crafting_table":1,"minecraft:stick":12,"minecraft:iron_helmet":1,"minecraft:iron_pickaxe":1,"minecraft:iron_ingot":40,"minecraft:wooden_pickaxe":1,"minecraft:stone_pickaxe":1,"minecraft:wooden_axe":1,"minecraft:stone_sword":1,"minecraft:iron_leggings":1,"minecraft:furnace":1,"minecraft:birch_planks":24,"minecraft:stone_axe":1,"minecraft:air":0},"minecraft:used":{"minecraft:stone_sword":24,"minecraft:bread":9,"minecraft:stone_pickaxe":62,"minecraft:iron_pickaxe":2,"minecraft:shield":5,"minecraft:wooden_pickaxe":12,"minecraft:stone_axe":6,"minecraft:wooden_sword":5,"minecraft:crafting_table":1,"minecraft:furnace":2},"minecraft:custom":{"minecraft:time_since_rest":18833,"minecraft:interact_with_furnace":20,"minecraft:sprint_one_cm":35988,"minecraft:damage_taken":470,"minecraft:walk_one_cm":15333,"minecraft:damage_blocked_by_shield":190,"minecraft:mob_kills":7,"minecraft:drop":12,"minecraft:damage_dealt":1128,"minecraft:interact_with_crafting_table":11,"minecraft:fly_one_cm":21903,"minecraft:play_one_minute":18833,"minecraft:crouch_one_cm":1841,"minecraft:sneak_time":864,"minecraft:jump":167,"minecraft:leave_game":4,"minecraft:time_since_death":18833,"minecraft:fall_one_cm":4192},"minecraft:mined":{"minecraft:furnace":2,"minecraft:birch_log":6,"minecraft:iron_ore":41,"minecraft:birch_leaves":5,"minecraft:crafting_table":1,"minecraft:oak_log":5,"minecraft:coal_ore":10,"minecraft:stone":23}},"DataVersion":2586}