{"stats":{"minecraft:picked_up":{"minecraft:wooden_axe":2,"minecraft:birch_log":6,"minecraft:crafting_table":2,"minecraft:wooden_pickaxe":2,"minecraft:oak_log":25,"minecraft:gunpowder":2,"minecraft:string":2,"minecraft:dirt":1,"minecraft:wooden_sword":3,"minecraft:bone":3,"minecraft:apple":1,"minecraft:iron_ingot":7,"minecraft:iron_ore":41,"minecraft:birch_sapling":1,"minecraft:furnace":3,"minecraft:spruce_sapling":1,"minecraft:spider_eye":1,"minecraft:arrow":6,"minecraft:rotten_flesh":2,"minecraft:oak_sapling":2,"minecraft:coal":20,"minecraft:cobblestone":32},"minecraft:killed":{"minecraft:zombie_villager":1,"minecraft:spider":2,"minecraft:skeleton":4,"minecraft:zombie":1},"minecraft:dropped":{"minecraft:iron_ingot":5,"minecraft:stone_axe":1,"minecraft:stone_sword":1,"minecraft:birch_sapling":1,"minecraft:wooden_axe":3,"minecraft:wooden_sword":4,"minecraft:wooden_pickaxe":3,"minecraft:string":2},"minecraft:crafted":{"minecraft:wooden_sword":1,"minecraft:oak_planks":100,"minecraft:crafting_table":1,"minecraft:wooden_pickaxe":1,"minecraft:iron_helmet":1,"minecraft:iron_sword":1,"minecraft:furnace":1,"minecraft:bucket":1,"minecraft:birch_planks":24,"minecraft:stone_axe":1,"minecraft:air":0,"minecraft:iron_boots":1,"minecraft:iron_chestplate":1,"minecraft:shield":1,"minecraft:iron_axe":1,"minecraft:stick":20,"minecraft:iron_ingot":40,"minecraft:iron_pickaxe":1,"minecraft:stone_pickaxe":1,"minecraft:wooden_axe":1,"minecraft:stone_sword":1,"minecraft:iron_leggings":1},"minecraft:used":{"minecraft:water_bucket":1,"minecraft:stone_sword":35,"minecraft:stone_pickaxe":66,"minecraft:wooden_pickaxe":12,"minecraft:shield":5,"minecraft:iron_sword":4,"minecraft:dirt":1,"minecraft:crafting_table":2,"minecraft:iron_axe":1,"minecraft:bread":12,"minecraft:iron_pickaxe":2,"minecraft:spruce_sapling":1,"minecraft:stone_axe":26,"minecraft:wooden_sword":5,"minecraft:cobblestone":14,"minecraft:furnace":3,"minecraft:bucket":2},"minecraft:custom":{"minecraft:interact_with_furnace":20,"minecraft:mob_kills":8,"minecraft:interact_with_crafting_table":12,"minecraft:play_one_minute":28612,"minecraft:leave_game":5,"minecraft:time_since_death":28612,"minecraft:time_since_rest":28612,"minecraft:sprint_one_cm":61438,"minecraft:damage_taken":581,"minecraft:walk_one_cm":20854,"minecraft:damage_blocked_by_shield":190,"minecraft:drop":16,"minecraft:damage_dealt":1288,"minecraft:swim_one_cm":970,"minecraft:fly_one_cm":41072,"minecraft:crouch_one_cm":2352,"minecraft:sneak_time":1069,"minecraft:walk_under_water_one_cm":235,"minecraft:jump":298,"minecraft:walk_on_water_one_cm":525,"minecraft:fall_one_cm":8364},"minecraft:mined":{"minecraft:crafting_table":2,"minecraft:grass_block":1,"minecraft:spruce_leaves":2,"minecraft:furnace":3,"minecraft:birch_log":6,"minecraft:iron_ore":41,"minecraft:birch_leaves":7,"minecraft:coal_ore":10,"minecraft:oak_log":25,"minecraft:stone":26,"minecraft:oak_leaves":19}},"DataVersion":2586}